{"A":0.3912023005428148,"B":1.611295683156684}